,frontview,mapview,direction,control,speed
1,21-01-05_11_34_06_frontview.jpg,21-01-05_11_34_06_mapview.jpg,21-01-05_11_34_06_direction.jpg,,0
2,21-01-05_11_34_06_frontview.jpg,21-01-05_11_34_06_mapview.jpg,21-01-05_11_34_06_direction.jpg,,0
3,21-01-05_11_34_06_frontview.jpg,21-01-05_11_34_06_mapview.jpg,21-01-05_11_34_06_direction.jpg,,0
4,21-01-05_11_34_06_frontview.jpg,21-01-05_11_34_06_mapview.jpg,21-01-05_11_34_06_direction.jpg,,0
5,21-01-05_11_34_06_frontview.jpg,21-01-05_11_34_06_mapview.jpg,21-01-05_11_34_06_direction.jpg,,0
6,21-01-05_11_34_06_frontview.jpg,21-01-05_11_34_06_mapview.jpg,21-01-05_11_34_06_direction.jpg,,0
7,21-01-05_11_34_07_frontview.jpg,21-01-05_11_34_07_mapview.jpg,21-01-05_11_34_07_direction.jpg,,0
8,21-01-05_11_34_07_frontview.jpg,21-01-05_11_34_07_mapview.jpg,21-01-05_11_34_07_direction.jpg,,0
9,21-01-05_11_34_07_frontview.jpg,21-01-05_11_34_07_mapview.jpg,21-01-05_11_34_07_direction.jpg,,0
10,21-01-05_11_34_07_frontview.jpg,21-01-05_11_34_07_mapview.jpg,21-01-05_11_34_07_direction.jpg,,0
11,21-01-05_11_34_07_frontview.jpg,21-01-05_11_34_07_mapview.jpg,21-01-05_11_34_07_direction.jpg,,0
12,21-01-05_11_34_07_frontview.jpg,21-01-05_11_34_07_mapview.jpg,21-01-05_11_34_07_direction.jpg,,0
13,21-01-05_11_34_07_frontview.jpg,21-01-05_11_34_07_mapview.jpg,21-01-05_11_34_07_direction.jpg,,0
14,21-01-05_11_34_07_frontview.jpg,21-01-05_11_34_07_mapview.jpg,21-01-05_11_34_07_direction.jpg,,0
15,21-01-05_11_34_08_frontview.jpg,21-01-05_11_34_08_mapview.jpg,21-01-05_11_34_08_direction.jpg,,0
16,21-01-05_11_34_08_frontview.jpg,21-01-05_11_34_08_mapview.jpg,21-01-05_11_34_08_direction.jpg,,0
17,21-01-05_11_34_08_frontview.jpg,21-01-05_11_34_08_mapview.jpg,21-01-05_11_34_08_direction.jpg,,0
18,21-01-05_11_34_08_frontview.jpg,21-01-05_11_34_08_mapview.jpg,21-01-05_11_34_08_direction.jpg,,0
19,21-01-05_11_34_08_frontview.jpg,21-01-05_11_34_08_mapview.jpg,21-01-05_11_34_08_direction.jpg,,0
20,21-01-05_11_34_08_frontview.jpg,21-01-05_11_34_08_mapview.jpg,21-01-05_11_34_08_direction.jpg,,0
21,21-01-05_11_34_08_frontview.jpg,21-01-05_11_34_08_mapview.jpg,21-01-05_11_34_08_direction.jpg,,0
22,21-01-05_11_34_08_frontview.jpg,21-01-05_11_34_08_mapview.jpg,21-01-05_11_34_08_direction.jpg,,0
23,21-01-05_11_34_08_frontview.jpg,21-01-05_11_34_08_mapview.jpg,21-01-05_11_34_08_direction.jpg,,0
24,21-01-05_11_34_09_frontview.jpg,21-01-05_11_34_09_mapview.jpg,21-01-05_11_34_09_direction.jpg,,0
25,21-01-05_11_34_09_frontview.jpg,21-01-05_11_34_09_mapview.jpg,21-01-05_11_34_09_direction.jpg,,0
26,21-01-05_11_34_09_frontview.jpg,21-01-05_11_34_09_mapview.jpg,21-01-05_11_34_09_direction.jpg,,0
27,21-01-05_11_34_09_frontview.jpg,21-01-05_11_34_09_mapview.jpg,21-01-05_11_34_09_direction.jpg,,0
28,21-01-05_11_34_09_frontview.jpg,21-01-05_11_34_09_mapview.jpg,21-01-05_11_34_09_direction.jpg,,0
29,21-01-05_11_34_09_frontview.jpg,21-01-05_11_34_09_mapview.jpg,21-01-05_11_34_09_direction.jpg,,0
30,21-01-05_11_34_09_frontview.jpg,21-01-05_11_34_09_mapview.jpg,21-01-05_11_34_09_direction.jpg,,0
31,21-01-05_11_34_10_frontview.jpg,21-01-05_11_34_10_mapview.jpg,21-01-05_11_34_10_direction.jpg,,0
32,21-01-05_11_34_10_frontview.jpg,21-01-05_11_34_10_mapview.jpg,21-01-05_11_34_10_direction.jpg,,0
33,21-01-05_11_34_10_frontview.jpg,21-01-05_11_34_10_mapview.jpg,21-01-05_11_34_10_direction.jpg,,0
34,21-01-05_11_34_10_frontview.jpg,21-01-05_11_34_10_mapview.jpg,21-01-05_11_34_10_direction.jpg,,0
35,21-01-05_11_34_11_frontview.jpg,21-01-05_11_34_11_mapview.jpg,21-01-05_11_34_11_direction.jpg,,0
36,21-01-05_11_34_11_frontview.jpg,21-01-05_11_34_11_mapview.jpg,21-01-05_11_34_11_direction.jpg,,0
37,21-01-05_11_34_11_frontview.jpg,21-01-05_11_34_11_mapview.jpg,21-01-05_11_34_11_direction.jpg,,0
38,21-01-05_11_34_11_frontview.jpg,21-01-05_11_34_11_mapview.jpg,21-01-05_11_34_11_direction.jpg,,0
39,21-01-05_11_34_11_frontview.jpg,21-01-05_11_34_11_mapview.jpg,21-01-05_11_34_11_direction.jpg,,0
40,21-01-05_11_34_11_frontview.jpg,21-01-05_11_34_11_mapview.jpg,21-01-05_11_34_11_direction.jpg,,0
41,21-01-05_11_34_11_frontview.jpg,21-01-05_11_34_11_mapview.jpg,21-01-05_11_34_11_direction.jpg,,0
42,21-01-05_11_34_11_frontview.jpg,21-01-05_11_34_11_mapview.jpg,21-01-05_11_34_11_direction.jpg,,0
43,21-01-05_11_34_11_frontview.jpg,21-01-05_11_34_11_mapview.jpg,21-01-05_11_34_11_direction.jpg,,0
44,21-01-05_11_34_12_frontview.jpg,21-01-05_11_34_12_mapview.jpg,21-01-05_11_34_12_direction.jpg,,0
45,21-01-05_11_34_12_frontview.jpg,21-01-05_11_34_12_mapview.jpg,21-01-05_11_34_12_direction.jpg,,0
46,21-01-05_11_34_12_frontview.jpg,21-01-05_11_34_12_mapview.jpg,21-01-05_11_34_12_direction.jpg,,0
47,21-01-05_11_34_12_frontview.jpg,21-01-05_11_34_12_mapview.jpg,21-01-05_11_34_12_direction.jpg,,0
48,21-01-05_11_34_12_frontview.jpg,21-01-05_11_34_12_mapview.jpg,21-01-05_11_34_12_direction.jpg,,0
49,21-01-05_11_34_12_frontview.jpg,21-01-05_11_34_12_mapview.jpg,21-01-05_11_34_12_direction.jpg,,0
50,21-01-05_11_34_13_frontview.jpg,21-01-05_11_34_13_mapview.jpg,21-01-05_11_34_13_direction.jpg,,0
51,21-01-05_11_34_13_frontview.jpg,21-01-05_11_34_13_mapview.jpg,21-01-05_11_34_13_direction.jpg,,0
52,21-01-05_11_34_13_frontview.jpg,21-01-05_11_34_13_mapview.jpg,21-01-05_11_34_13_direction.jpg,,0
53,21-01-05_11_34_13_frontview.jpg,21-01-05_11_34_13_mapview.jpg,21-01-05_11_34_13_direction.jpg,,0
54,21-01-05_11_34_13_frontview.jpg,21-01-05_11_34_13_mapview.jpg,21-01-05_11_34_13_direction.jpg,,0
55,21-01-05_11_34_13_frontview.jpg,21-01-05_11_34_13_mapview.jpg,21-01-05_11_34_13_direction.jpg,,0
56,21-01-05_11_34_13_frontview.jpg,21-01-05_11_34_13_mapview.jpg,21-01-05_11_34_13_direction.jpg,,0
57,21-01-05_11_34_13_frontview.jpg,21-01-05_11_34_13_mapview.jpg,21-01-05_11_34_13_direction.jpg,,0
58,21-01-05_11_34_13_frontview.jpg,21-01-05_11_34_13_mapview.jpg,21-01-05_11_34_13_direction.jpg,,0
59,21-01-05_11_34_14_frontview.jpg,21-01-05_11_34_14_mapview.jpg,21-01-05_11_34_14_direction.jpg,,0
60,21-01-05_11_34_14_frontview.jpg,21-01-05_11_34_14_mapview.jpg,21-01-05_11_34_14_direction.jpg,,0
61,21-01-05_11_34_14_frontview.jpg,21-01-05_11_34_14_mapview.jpg,21-01-05_11_34_14_direction.jpg,,0
62,21-01-05_11_34_14_frontview.jpg,21-01-05_11_34_14_mapview.jpg,21-01-05_11_34_14_direction.jpg,,0
63,21-01-05_11_34_14_frontview.jpg,21-01-05_11_34_14_mapview.jpg,21-01-05_11_34_14_direction.jpg,,0
64,21-01-05_11_34_14_frontview.jpg,21-01-05_11_34_14_mapview.jpg,21-01-05_11_34_14_direction.jpg,,0
65,21-01-05_11_34_14_frontview.jpg,21-01-05_11_34_14_mapview.jpg,21-01-05_11_34_14_direction.jpg,,0
66,21-01-05_11_34_14_frontview.jpg,21-01-05_11_34_14_mapview.jpg,21-01-05_11_34_14_direction.jpg,,0
67,21-01-05_11_34_15_frontview.jpg,21-01-05_11_34_15_mapview.jpg,21-01-05_11_34_15_direction.jpg,,0
68,21-01-05_11_34_15_frontview.jpg,21-01-05_11_34_15_mapview.jpg,21-01-05_11_34_15_direction.jpg,,0
69,21-01-05_11_34_15_frontview.jpg,21-01-05_11_34_15_mapview.jpg,21-01-05_11_34_15_direction.jpg,,0
70,21-01-05_11_34_15_frontview.jpg,21-01-05_11_34_15_mapview.jpg,21-01-05_11_34_15_direction.jpg,,0
71,21-01-05_11_34_15_frontview.jpg,21-01-05_11_34_15_mapview.jpg,21-01-05_11_34_15_direction.jpg,,0
72,21-01-05_11_34_15_frontview.jpg,21-01-05_11_34_15_mapview.jpg,21-01-05_11_34_15_direction.jpg,,0
73,21-01-05_11_34_15_frontview.jpg,21-01-05_11_34_15_mapview.jpg,21-01-05_11_34_15_direction.jpg,,0
74,21-01-05_11_34_15_frontview.jpg,21-01-05_11_34_15_mapview.jpg,21-01-05_11_34_15_direction.jpg,,0
75,21-01-05_11_34_16_frontview.jpg,21-01-05_11_34_16_mapview.jpg,21-01-05_11_34_16_direction.jpg,,0
76,21-01-05_11_34_16_frontview.jpg,21-01-05_11_34_16_mapview.jpg,21-01-05_11_34_16_direction.jpg,,0
77,21-01-05_11_34_16_frontview.jpg,21-01-05_11_34_16_mapview.jpg,21-01-05_11_34_16_direction.jpg,,0
78,21-01-05_11_34_16_frontview.jpg,21-01-05_11_34_16_mapview.jpg,21-01-05_11_34_16_direction.jpg,,0
79,21-01-05_11_34_16_frontview.jpg,21-01-05_11_34_16_mapview.jpg,21-01-05_11_34_16_direction.jpg,,0
80,21-01-05_11_34_16_frontview.jpg,21-01-05_11_34_16_mapview.jpg,21-01-05_11_34_16_direction.jpg,,0
81,21-01-05_11_34_16_frontview.jpg,21-01-05_11_34_16_mapview.jpg,21-01-05_11_34_16_direction.jpg,,0
82,21-01-05_11_34_16_frontview.jpg,21-01-05_11_34_16_mapview.jpg,21-01-05_11_34_16_direction.jpg,,0
83,21-01-05_11_34_16_frontview.jpg,21-01-05_11_34_16_mapview.jpg,21-01-05_11_34_16_direction.jpg,,0
84,21-01-05_11_34_17_frontview.jpg,21-01-05_11_34_17_mapview.jpg,21-01-05_11_34_17_direction.jpg,,0
85,21-01-05_11_34_17_frontview.jpg,21-01-05_11_34_17_mapview.jpg,21-01-05_11_34_17_direction.jpg,D,0
86,21-01-05_11_34_17_frontview.jpg,21-01-05_11_34_17_mapview.jpg,21-01-05_11_34_17_direction.jpg,,0
87,21-01-05_11_34_17_frontview.jpg,21-01-05_11_34_17_mapview.jpg,21-01-05_11_34_17_direction.jpg,,0
88,21-01-05_11_34_17_frontview.jpg,21-01-05_11_34_17_mapview.jpg,21-01-05_11_34_17_direction.jpg,,0
89,21-01-05_11_34_17_frontview.jpg,21-01-05_11_34_17_mapview.jpg,21-01-05_11_34_17_direction.jpg,,0
90,21-01-05_11_34_17_frontview.jpg,21-01-05_11_34_17_mapview.jpg,21-01-05_11_34_17_direction.jpg,,0
91,21-01-05_11_34_17_frontview.jpg,21-01-05_11_34_17_mapview.jpg,21-01-05_11_34_17_direction.jpg,A,0
92,21-01-05_11_34_18_frontview.jpg,21-01-05_11_34_18_mapview.jpg,21-01-05_11_34_18_direction.jpg,A,0
93,21-01-05_11_34_18_frontview.jpg,21-01-05_11_34_18_mapview.jpg,21-01-05_11_34_18_direction.jpg,,0
94,21-01-05_11_34_18_frontview.jpg,21-01-05_11_34_18_mapview.jpg,21-01-05_11_34_18_direction.jpg,,0
95,21-01-05_11_34_18_frontview.jpg,21-01-05_11_34_18_mapview.jpg,21-01-05_11_34_18_direction.jpg,,0
96,21-01-05_11_34_18_frontview.jpg,21-01-05_11_34_18_mapview.jpg,21-01-05_11_34_18_direction.jpg,,0
97,21-01-05_11_34_18_frontview.jpg,21-01-05_11_34_18_mapview.jpg,21-01-05_11_34_18_direction.jpg,,0
98,21-01-05_11_34_18_frontview.jpg,21-01-05_11_34_18_mapview.jpg,21-01-05_11_34_18_direction.jpg,D,0
99,21-01-05_11_34_18_frontview.jpg,21-01-05_11_34_18_mapview.jpg,21-01-05_11_34_18_direction.jpg,,0
100,21-01-05_11_34_19_frontview.jpg,21-01-05_11_34_19_mapview.jpg,21-01-05_11_34_19_direction.jpg,,0
101,21-01-05_11_34_19_frontview.jpg,21-01-05_11_34_19_mapview.jpg,21-01-05_11_34_19_direction.jpg,,0
102,21-01-05_11_34_19_frontview.jpg,21-01-05_11_34_19_mapview.jpg,21-01-05_11_34_19_direction.jpg,D,0
103,21-01-05_11_34_19_frontview.jpg,21-01-05_11_34_19_mapview.jpg,21-01-05_11_34_19_direction.jpg,,0
104,21-01-05_11_34_19_frontview.jpg,21-01-05_11_34_19_mapview.jpg,21-01-05_11_34_19_direction.jpg,,0
105,21-01-05_11_34_19_frontview.jpg,21-01-05_11_34_19_mapview.jpg,21-01-05_11_34_19_direction.jpg,,0
106,21-01-05_11_34_19_frontview.jpg,21-01-05_11_34_19_mapview.jpg,21-01-05_11_34_19_direction.jpg,,0
107,21-01-05_11_34_19_frontview.jpg,21-01-05_11_34_19_mapview.jpg,21-01-05_11_34_19_direction.jpg,,0
108,21-01-05_11_34_19_frontview.jpg,21-01-05_11_34_19_mapview.jpg,21-01-05_11_34_19_direction.jpg,D,0
109,21-01-05_11_34_20_frontview.jpg,21-01-05_11_34_20_mapview.jpg,21-01-05_11_34_20_direction.jpg,D,0
110,21-01-05_11_34_20_frontview.jpg,21-01-05_11_34_20_mapview.jpg,21-01-05_11_34_20_direction.jpg,,0
111,21-01-05_11_34_20_frontview.jpg,21-01-05_11_34_20_mapview.jpg,21-01-05_11_34_20_direction.jpg,,0
112,21-01-05_11_34_20_frontview.jpg,21-01-05_11_34_20_mapview.jpg,21-01-05_11_34_20_direction.jpg,,0
113,21-01-05_11_34_20_frontview.jpg,21-01-05_11_34_20_mapview.jpg,21-01-05_11_34_20_direction.jpg,,0
114,21-01-05_11_34_20_frontview.jpg,21-01-05_11_34_20_mapview.jpg,21-01-05_11_34_20_direction.jpg,D,0
115,21-01-05_11_34_20_frontview.jpg,21-01-05_11_34_20_mapview.jpg,21-01-05_11_34_20_direction.jpg,,0
116,21-01-05_11_34_20_frontview.jpg,21-01-05_11_34_20_mapview.jpg,21-01-05_11_34_20_direction.jpg,,0
117,21-01-05_11_34_21_frontview.jpg,21-01-05_11_34_21_mapview.jpg,21-01-05_11_34_21_direction.jpg,,0
118,21-01-05_11_34_21_frontview.jpg,21-01-05_11_34_21_mapview.jpg,21-01-05_11_34_21_direction.jpg,,0
119,21-01-05_11_34_21_frontview.jpg,21-01-05_11_34_21_mapview.jpg,21-01-05_11_34_21_direction.jpg,,0
120,21-01-05_11_34_21_frontview.jpg,21-01-05_11_34_21_mapview.jpg,21-01-05_11_34_21_direction.jpg,,0
121,21-01-05_11_34_21_frontview.jpg,21-01-05_11_34_21_mapview.jpg,21-01-05_11_34_21_direction.jpg,,0
122,21-01-05_11_34_21_frontview.jpg,21-01-05_11_34_21_mapview.jpg,21-01-05_11_34_21_direction.jpg,,0
123,21-01-05_11_34_21_frontview.jpg,21-01-05_11_34_21_mapview.jpg,21-01-05_11_34_21_direction.jpg,,0
124,21-01-05_11_34_21_frontview.jpg,21-01-05_11_34_21_mapview.jpg,21-01-05_11_34_21_direction.jpg,A,0
125,21-01-05_11_34_22_frontview.jpg,21-01-05_11_34_22_mapview.jpg,21-01-05_11_34_22_direction.jpg,,0
126,21-01-05_11_34_22_frontview.jpg,21-01-05_11_34_22_mapview.jpg,21-01-05_11_34_22_direction.jpg,,0
127,21-01-05_11_34_22_frontview.jpg,21-01-05_11_34_22_mapview.jpg,21-01-05_11_34_22_direction.jpg,,0
128,21-01-05_11_34_22_frontview.jpg,21-01-05_11_34_22_mapview.jpg,21-01-05_11_34_22_direction.jpg,A,0
129,21-01-05_11_34_22_frontview.jpg,21-01-05_11_34_22_mapview.jpg,21-01-05_11_34_22_direction.jpg,,0
130,21-01-05_11_34_22_frontview.jpg,21-01-05_11_34_22_mapview.jpg,21-01-05_11_34_22_direction.jpg,,0
131,21-01-05_11_34_22_frontview.jpg,21-01-05_11_34_22_mapview.jpg,21-01-05_11_34_22_direction.jpg,,0
132,21-01-05_11_34_22_frontview.jpg,21-01-05_11_34_22_mapview.jpg,21-01-05_11_34_22_direction.jpg,,0
133,21-01-05_11_34_23_frontview.jpg,21-01-05_11_34_23_mapview.jpg,21-01-05_11_34_23_direction.jpg,,0
134,21-01-05_11_34_23_frontview.jpg,21-01-05_11_34_23_mapview.jpg,21-01-05_11_34_23_direction.jpg,,0
135,21-01-05_11_34_23_frontview.jpg,21-01-05_11_34_23_mapview.jpg,21-01-05_11_34_23_direction.jpg,,0
136,21-01-05_11_34_23_frontview.jpg,21-01-05_11_34_23_mapview.jpg,21-01-05_11_34_23_direction.jpg,,0
137,21-01-05_11_34_23_frontview.jpg,21-01-05_11_34_23_mapview.jpg,21-01-05_11_34_23_direction.jpg,D,0
138,21-01-05_11_34_23_frontview.jpg,21-01-05_11_34_23_mapview.jpg,21-01-05_11_34_23_direction.jpg,D,0
139,21-01-05_11_34_23_frontview.jpg,21-01-05_11_34_23_mapview.jpg,21-01-05_11_34_23_direction.jpg,,0
140,21-01-05_11_34_23_frontview.jpg,21-01-05_11_34_23_mapview.jpg,21-01-05_11_34_23_direction.jpg,,0
141,21-01-05_11_34_23_frontview.jpg,21-01-05_11_34_23_mapview.jpg,21-01-05_11_34_23_direction.jpg,,0
142,21-01-05_11_34_24_frontview.jpg,21-01-05_11_34_24_mapview.jpg,21-01-05_11_34_24_direction.jpg,,0
143,21-01-05_11_34_24_frontview.jpg,21-01-05_11_34_24_mapview.jpg,21-01-05_11_34_24_direction.jpg,,0
144,21-01-05_11_34_24_frontview.jpg,21-01-05_11_34_24_mapview.jpg,21-01-05_11_34_24_direction.jpg,D,0
145,21-01-05_11_34_24_frontview.jpg,21-01-05_11_34_24_mapview.jpg,21-01-05_11_34_24_direction.jpg,,0
146,21-01-05_11_34_24_frontview.jpg,21-01-05_11_34_24_mapview.jpg,21-01-05_11_34_24_direction.jpg,,0
147,21-01-05_11_34_24_frontview.jpg,21-01-05_11_34_24_mapview.jpg,21-01-05_11_34_24_direction.jpg,A,0
148,21-01-05_11_34_24_frontview.jpg,21-01-05_11_34_24_mapview.jpg,21-01-05_11_34_24_direction.jpg,,0
149,21-01-05_11_34_24_frontview.jpg,21-01-05_11_34_24_mapview.jpg,21-01-05_11_34_24_direction.jpg,,0
150,21-01-05_11_34_25_frontview.jpg,21-01-05_11_34_25_mapview.jpg,21-01-05_11_34_25_direction.jpg,,0
151,21-01-05_11_34_25_frontview.jpg,21-01-05_11_34_25_mapview.jpg,21-01-05_11_34_25_direction.jpg,,0
152,21-01-05_11_34_25_frontview.jpg,21-01-05_11_34_25_mapview.jpg,21-01-05_11_34_25_direction.jpg,,0
153,21-01-05_11_34_25_frontview.jpg,21-01-05_11_34_25_mapview.jpg,21-01-05_11_34_25_direction.jpg,,0
154,21-01-05_11_34_25_frontview.jpg,21-01-05_11_34_25_mapview.jpg,21-01-05_11_34_25_direction.jpg,,0
155,21-01-05_11_34_25_frontview.jpg,21-01-05_11_34_25_mapview.jpg,21-01-05_11_34_25_direction.jpg,,0
156,21-01-05_11_34_25_frontview.jpg,21-01-05_11_34_25_mapview.jpg,21-01-05_11_34_25_direction.jpg,,0
157,21-01-05_11_34_25_frontview.jpg,21-01-05_11_34_25_mapview.jpg,21-01-05_11_34_25_direction.jpg,,0
158,21-01-05_11_34_26_frontview.jpg,21-01-05_11_34_26_mapview.jpg,21-01-05_11_34_26_direction.jpg,,0
159,21-01-05_11_34_26_frontview.jpg,21-01-05_11_34_26_mapview.jpg,21-01-05_11_34_26_direction.jpg,,0
160,21-01-05_11_34_26_frontview.jpg,21-01-05_11_34_26_mapview.jpg,21-01-05_11_34_26_direction.jpg,A,0
161,21-01-05_11_34_26_frontview.jpg,21-01-05_11_34_26_mapview.jpg,21-01-05_11_34_26_direction.jpg,,0
162,21-01-05_11_34_26_frontview.jpg,21-01-05_11_34_26_mapview.jpg,21-01-05_11_34_26_direction.jpg,,0
163,21-01-05_11_34_26_frontview.jpg,21-01-05_11_34_26_mapview.jpg,21-01-05_11_34_26_direction.jpg,,0
164,21-01-05_11_34_26_frontview.jpg,21-01-05_11_34_26_mapview.jpg,21-01-05_11_34_26_direction.jpg,,0
165,21-01-05_11_34_26_frontview.jpg,21-01-05_11_34_26_mapview.jpg,21-01-05_11_34_26_direction.jpg,A,0
166,21-01-05_11_34_27_frontview.jpg,21-01-05_11_34_27_mapview.jpg,21-01-05_11_34_27_direction.jpg,,0
167,21-01-05_11_34_27_frontview.jpg,21-01-05_11_34_27_mapview.jpg,21-01-05_11_34_27_direction.jpg,,0
168,21-01-05_11_34_27_frontview.jpg,21-01-05_11_34_27_mapview.jpg,21-01-05_11_34_27_direction.jpg,,0
169,21-01-05_11_34_27_frontview.jpg,21-01-05_11_34_27_mapview.jpg,21-01-05_11_34_27_direction.jpg,,0
170,21-01-05_11_34_27_frontview.jpg,21-01-05_11_34_27_mapview.jpg,21-01-05_11_34_27_direction.jpg,,0
171,21-01-05_11_34_27_frontview.jpg,21-01-05_11_34_27_mapview.jpg,21-01-05_11_34_27_direction.jpg,D,0
172,21-01-05_11_34_27_frontview.jpg,21-01-05_11_34_27_mapview.jpg,21-01-05_11_34_27_direction.jpg,D,0
173,21-01-05_11_34_27_frontview.jpg,21-01-05_11_34_27_mapview.jpg,21-01-05_11_34_27_direction.jpg,,0
174,21-01-05_11_34_27_frontview.jpg,21-01-05_11_34_27_mapview.jpg,21-01-05_11_34_27_direction.jpg,,0
175,21-01-05_11_34_28_frontview.jpg,21-01-05_11_34_28_mapview.jpg,21-01-05_11_34_28_direction.jpg,,0
176,21-01-05_11_34_28_frontview.jpg,21-01-05_11_34_28_mapview.jpg,21-01-05_11_34_28_direction.jpg,,0
177,21-01-05_11_34_28_frontview.jpg,21-01-05_11_34_28_mapview.jpg,21-01-05_11_34_28_direction.jpg,A,0
178,21-01-05_11_34_28_frontview.jpg,21-01-05_11_34_28_mapview.jpg,21-01-05_11_34_28_direction.jpg,A,0
179,21-01-05_11_34_28_frontview.jpg,21-01-05_11_34_28_mapview.jpg,21-01-05_11_34_28_direction.jpg,A,0
180,21-01-05_11_34_28_frontview.jpg,21-01-05_11_34_28_mapview.jpg,21-01-05_11_34_28_direction.jpg,A,0
181,21-01-05_11_34_28_frontview.jpg,21-01-05_11_34_28_mapview.jpg,21-01-05_11_34_28_direction.jpg,A,0
182,21-01-05_11_34_28_frontview.jpg,21-01-05_11_34_28_mapview.jpg,21-01-05_11_34_28_direction.jpg,A,0
183,21-01-05_11_34_29_frontview.jpg,21-01-05_11_34_29_mapview.jpg,21-01-05_11_34_29_direction.jpg,A,0
184,21-01-05_11_34_29_frontview.jpg,21-01-05_11_34_29_mapview.jpg,21-01-05_11_34_29_direction.jpg,D,0
185,21-01-05_11_34_29_frontview.jpg,21-01-05_11_34_29_mapview.jpg,21-01-05_11_34_29_direction.jpg,D,0
186,21-01-05_11_34_29_frontview.jpg,21-01-05_11_34_29_mapview.jpg,21-01-05_11_34_29_direction.jpg,D,0
187,21-01-05_11_34_29_frontview.jpg,21-01-05_11_34_29_mapview.jpg,21-01-05_11_34_29_direction.jpg,D,0
188,21-01-05_11_34_29_frontview.jpg,21-01-05_11_34_29_mapview.jpg,21-01-05_11_34_29_direction.jpg,D,0
189,21-01-05_11_34_29_frontview.jpg,21-01-05_11_34_29_mapview.jpg,21-01-05_11_34_29_direction.jpg,D,0
190,21-01-05_11_34_29_frontview.jpg,21-01-05_11_34_29_mapview.jpg,21-01-05_11_34_29_direction.jpg,D,0
191,21-01-05_11_34_30_frontview.jpg,21-01-05_11_34_30_mapview.jpg,21-01-05_11_34_30_direction.jpg,A,0
192,21-01-05_11_34_30_frontview.jpg,21-01-05_11_34_30_mapview.jpg,21-01-05_11_34_30_direction.jpg,A,0
193,21-01-05_11_34_30_frontview.jpg,21-01-05_11_34_30_mapview.jpg,21-01-05_11_34_30_direction.jpg,A,0
194,21-01-05_11_34_30_frontview.jpg,21-01-05_11_34_30_mapview.jpg,21-01-05_11_34_30_direction.jpg,A,0
195,21-01-05_11_34_30_frontview.jpg,21-01-05_11_34_30_mapview.jpg,21-01-05_11_34_30_direction.jpg,A,0
196,21-01-05_11_34_30_frontview.jpg,21-01-05_11_34_30_mapview.jpg,21-01-05_11_34_30_direction.jpg,A,0
197,21-01-05_11_34_30_frontview.jpg,21-01-05_11_34_30_mapview.jpg,21-01-05_11_34_30_direction.jpg,A,0
198,21-01-05_11_34_30_frontview.jpg,21-01-05_11_34_30_mapview.jpg,21-01-05_11_34_30_direction.jpg,A,0
199,21-01-05_11_34_30_frontview.jpg,21-01-05_11_34_30_mapview.jpg,21-01-05_11_34_30_direction.jpg,A,0
200,21-01-05_11_34_31_frontview.jpg,21-01-05_11_34_31_mapview.jpg,21-01-05_11_34_31_direction.jpg,A,0
201,21-01-05_11_34_31_frontview.jpg,21-01-05_11_34_31_mapview.jpg,21-01-05_11_34_31_direction.jpg,A,0
202,21-01-05_11_34_31_frontview.jpg,21-01-05_11_34_31_mapview.jpg,21-01-05_11_34_31_direction.jpg,D,0
203,21-01-05_11_34_31_frontview.jpg,21-01-05_11_34_31_mapview.jpg,21-01-05_11_34_31_direction.jpg,,0
204,21-01-05_11_34_31_frontview.jpg,21-01-05_11_34_31_mapview.jpg,21-01-05_11_34_31_direction.jpg,,0
205,21-01-05_11_34_31_frontview.jpg,21-01-05_11_34_31_mapview.jpg,21-01-05_11_34_31_direction.jpg,,0
206,21-01-05_11_34_31_frontview.jpg,21-01-05_11_34_31_mapview.jpg,21-01-05_11_34_31_direction.jpg,,0
207,21-01-05_11_34_31_frontview.jpg,21-01-05_11_34_31_mapview.jpg,21-01-05_11_34_31_direction.jpg,,0
208,21-01-05_11_34_32_frontview.jpg,21-01-05_11_34_32_mapview.jpg,21-01-05_11_34_32_direction.jpg,,0
209,21-01-05_11_34_32_frontview.jpg,21-01-05_11_34_32_mapview.jpg,21-01-05_11_34_32_direction.jpg,D,0
210,21-01-05_11_34_32_frontview.jpg,21-01-05_11_34_32_mapview.jpg,21-01-05_11_34_32_direction.jpg,D,0
211,21-01-05_11_34_32_frontview.jpg,21-01-05_11_34_32_mapview.jpg,21-01-05_11_34_32_direction.jpg,D,0
212,21-01-05_11_34_32_frontview.jpg,21-01-05_11_34_32_mapview.jpg,21-01-05_11_34_32_direction.jpg,,0
213,21-01-05_11_34_32_frontview.jpg,21-01-05_11_34_32_mapview.jpg,21-01-05_11_34_32_direction.jpg,,0
214,21-01-05_11_34_32_frontview.jpg,21-01-05_11_34_32_mapview.jpg,21-01-05_11_34_32_direction.jpg,A,0
215,21-01-05_11_34_32_frontview.jpg,21-01-05_11_34_32_mapview.jpg,21-01-05_11_34_32_direction.jpg,A,0
216,21-01-05_11_34_33_frontview.jpg,21-01-05_11_34_33_mapview.jpg,21-01-05_11_34_33_direction.jpg,A,0
217,21-01-05_11_34_33_frontview.jpg,21-01-05_11_34_33_mapview.jpg,21-01-05_11_34_33_direction.jpg,A,0
218,21-01-05_11_34_33_frontview.jpg,21-01-05_11_34_33_mapview.jpg,21-01-05_11_34_33_direction.jpg,A,0
219,21-01-05_11_34_33_frontview.jpg,21-01-05_11_34_33_mapview.jpg,21-01-05_11_34_33_direction.jpg,A,0
220,21-01-05_11_34_33_frontview.jpg,21-01-05_11_34_33_mapview.jpg,21-01-05_11_34_33_direction.jpg,,0
221,21-01-05_11_34_33_frontview.jpg,21-01-05_11_34_33_mapview.jpg,21-01-05_11_34_33_direction.jpg,,0
222,21-01-05_11_34_33_frontview.jpg,21-01-05_11_34_33_mapview.jpg,21-01-05_11_34_33_direction.jpg,,0
223,21-01-05_11_34_33_frontview.jpg,21-01-05_11_34_33_mapview.jpg,21-01-05_11_34_33_direction.jpg,,0
224,21-01-05_11_34_34_frontview.jpg,21-01-05_11_34_34_mapview.jpg,21-01-05_11_34_34_direction.jpg,,0
225,21-01-05_11_34_34_frontview.jpg,21-01-05_11_34_34_mapview.jpg,21-01-05_11_34_34_direction.jpg,A,0
226,21-01-05_11_34_34_frontview.jpg,21-01-05_11_34_34_mapview.jpg,21-01-05_11_34_34_direction.jpg,A,0
227,21-01-05_11_34_34_frontview.jpg,21-01-05_11_34_34_mapview.jpg,21-01-05_11_34_34_direction.jpg,A,0
228,21-01-05_11_34_34_frontview.jpg,21-01-05_11_34_34_mapview.jpg,21-01-05_11_34_34_direction.jpg,A,0
229,21-01-05_11_34_34_frontview.jpg,21-01-05_11_34_34_mapview.jpg,21-01-05_11_34_34_direction.jpg,,0
230,21-01-05_11_34_34_frontview.jpg,21-01-05_11_34_34_mapview.jpg,21-01-05_11_34_34_direction.jpg,,0
231,21-01-05_11_34_34_frontview.jpg,21-01-05_11_34_34_mapview.jpg,21-01-05_11_34_34_direction.jpg,,0
232,21-01-05_11_34_35_frontview.jpg,21-01-05_11_34_35_mapview.jpg,21-01-05_11_34_35_direction.jpg,,0
233,21-01-05_11_34_35_frontview.jpg,21-01-05_11_34_35_mapview.jpg,21-01-05_11_34_35_direction.jpg,,0
234,21-01-05_11_34_35_frontview.jpg,21-01-05_11_34_35_mapview.jpg,21-01-05_11_34_35_direction.jpg,,0
235,21-01-05_11_34_35_frontview.jpg,21-01-05_11_34_35_mapview.jpg,21-01-05_11_34_35_direction.jpg,,0
236,21-01-05_11_34_35_frontview.jpg,21-01-05_11_34_35_mapview.jpg,21-01-05_11_34_35_direction.jpg,,0
237,21-01-05_11_34_35_frontview.jpg,21-01-05_11_34_35_mapview.jpg,21-01-05_11_34_35_direction.jpg,,0
238,21-01-05_11_34_35_frontview.jpg,21-01-05_11_34_35_mapview.jpg,21-01-05_11_34_35_direction.jpg,,0
239,21-01-05_11_34_35_frontview.jpg,21-01-05_11_34_35_mapview.jpg,21-01-05_11_34_35_direction.jpg,D,0
240,21-01-05_11_34_36_frontview.jpg,21-01-05_11_34_36_mapview.jpg,21-01-05_11_34_36_direction.jpg,D,0
241,21-01-05_11_34_36_frontview.jpg,21-01-05_11_34_36_mapview.jpg,21-01-05_11_34_36_direction.jpg,,0
242,21-01-05_11_34_36_frontview.jpg,21-01-05_11_34_36_mapview.jpg,21-01-05_11_34_36_direction.jpg,,0
243,21-01-05_11_34_36_frontview.jpg,21-01-05_11_34_36_mapview.jpg,21-01-05_11_34_36_direction.jpg,,0
244,21-01-05_11_34_36_frontview.jpg,21-01-05_11_34_36_mapview.jpg,21-01-05_11_34_36_direction.jpg,,0
245,21-01-05_11_34_36_frontview.jpg,21-01-05_11_34_36_mapview.jpg,21-01-05_11_34_36_direction.jpg,,0
246,21-01-05_11_34_36_frontview.jpg,21-01-05_11_34_36_mapview.jpg,21-01-05_11_34_36_direction.jpg,,0
247,21-01-05_11_34_36_frontview.jpg,21-01-05_11_34_36_mapview.jpg,21-01-05_11_34_36_direction.jpg,A,0
248,21-01-05_11_34_36_frontview.jpg,21-01-05_11_34_36_mapview.jpg,21-01-05_11_34_36_direction.jpg,,0
249,21-01-05_11_34_37_frontview.jpg,21-01-05_11_34_37_mapview.jpg,21-01-05_11_34_37_direction.jpg,,0
250,21-01-05_11_34_37_frontview.jpg,21-01-05_11_34_37_mapview.jpg,21-01-05_11_34_37_direction.jpg,,0
251,21-01-05_11_34_37_frontview.jpg,21-01-05_11_34_37_mapview.jpg,21-01-05_11_34_37_direction.jpg,,0
252,21-01-05_11_34_37_frontview.jpg,21-01-05_11_34_37_mapview.jpg,21-01-05_11_34_37_direction.jpg,,0
253,21-01-05_11_34_37_frontview.jpg,21-01-05_11_34_37_mapview.jpg,21-01-05_11_34_37_direction.jpg,,0
254,21-01-05_11_34_37_frontview.jpg,21-01-05_11_34_37_mapview.jpg,21-01-05_11_34_37_direction.jpg,,0
255,21-01-05_11_34_37_frontview.jpg,21-01-05_11_34_37_mapview.jpg,21-01-05_11_34_37_direction.jpg,,0
256,21-01-05_11_34_37_frontview.jpg,21-01-05_11_34_37_mapview.jpg,21-01-05_11_34_37_direction.jpg,,0
257,21-01-05_11_34_38_frontview.jpg,21-01-05_11_34_38_mapview.jpg,21-01-05_11_34_38_direction.jpg,,0
258,21-01-05_11_34_38_frontview.jpg,21-01-05_11_34_38_mapview.jpg,21-01-05_11_34_38_direction.jpg,,0
259,21-01-05_11_34_38_frontview.jpg,21-01-05_11_34_38_mapview.jpg,21-01-05_11_34_38_direction.jpg,,0
260,21-01-05_11_34_38_frontview.jpg,21-01-05_11_34_38_mapview.jpg,21-01-05_11_34_38_direction.jpg,,0
261,21-01-05_11_34_38_frontview.jpg,21-01-05_11_34_38_mapview.jpg,21-01-05_11_34_38_direction.jpg,,0
262,21-01-05_11_34_38_frontview.jpg,21-01-05_11_34_38_mapview.jpg,21-01-05_11_34_38_direction.jpg,,0
263,21-01-05_11_34_38_frontview.jpg,21-01-05_11_34_38_mapview.jpg,21-01-05_11_34_38_direction.jpg,,0
264,21-01-05_11_34_38_frontview.jpg,21-01-05_11_34_38_mapview.jpg,21-01-05_11_34_38_direction.jpg,,0
265,21-01-05_11_34_39_frontview.jpg,21-01-05_11_34_39_mapview.jpg,21-01-05_11_34_39_direction.jpg,,0
266,21-01-05_11_34_39_frontview.jpg,21-01-05_11_34_39_mapview.jpg,21-01-05_11_34_39_direction.jpg,,0
267,21-01-05_11_34_39_frontview.jpg,21-01-05_11_34_39_mapview.jpg,21-01-05_11_34_39_direction.jpg,,0
268,21-01-05_11_34_39_frontview.jpg,21-01-05_11_34_39_mapview.jpg,21-01-05_11_34_39_direction.jpg,,0
269,21-01-05_11_34_39_frontview.jpg,21-01-05_11_34_39_mapview.jpg,21-01-05_11_34_39_direction.jpg,,0
270,21-01-05_11_34_39_frontview.jpg,21-01-05_11_34_39_mapview.jpg,21-01-05_11_34_39_direction.jpg,,0
271,21-01-05_11_34_39_frontview.jpg,21-01-05_11_34_39_mapview.jpg,21-01-05_11_34_39_direction.jpg,,0
272,21-01-05_11_34_39_frontview.jpg,21-01-05_11_34_39_mapview.jpg,21-01-05_11_34_39_direction.jpg,,0
273,21-01-05_11_34_40_frontview.jpg,21-01-05_11_34_40_mapview.jpg,21-01-05_11_34_40_direction.jpg,,0
274,21-01-05_11_34_40_frontview.jpg,21-01-05_11_34_40_mapview.jpg,21-01-05_11_34_40_direction.jpg,,0
275,21-01-05_11_34_40_frontview.jpg,21-01-05_11_34_40_mapview.jpg,21-01-05_11_34_40_direction.jpg,,0
276,21-01-05_11_34_40_frontview.jpg,21-01-05_11_34_40_mapview.jpg,21-01-05_11_34_40_direction.jpg,,0
277,21-01-05_11_34_40_frontview.jpg,21-01-05_11_34_40_mapview.jpg,21-01-05_11_34_40_direction.jpg,,0
278,21-01-05_11_34_40_frontview.jpg,21-01-05_11_34_40_mapview.jpg,21-01-05_11_34_40_direction.jpg,,0
279,21-01-05_11_34_40_frontview.jpg,21-01-05_11_34_40_mapview.jpg,21-01-05_11_34_40_direction.jpg,,0
280,21-01-05_11_34_40_frontview.jpg,21-01-05_11_34_40_mapview.jpg,21-01-05_11_34_40_direction.jpg,,0
281,21-01-05_11_34_41_frontview.jpg,21-01-05_11_34_41_mapview.jpg,21-01-05_11_34_41_direction.jpg,,0
282,21-01-05_11_34_41_frontview.jpg,21-01-05_11_34_41_mapview.jpg,21-01-05_11_34_41_direction.jpg,,0
283,21-01-05_11_34_41_frontview.jpg,21-01-05_11_34_41_mapview.jpg,21-01-05_11_34_41_direction.jpg,,0
284,21-01-05_11_34_41_frontview.jpg,21-01-05_11_34_41_mapview.jpg,21-01-05_11_34_41_direction.jpg,,0
285,21-01-05_11_34_41_frontview.jpg,21-01-05_11_34_41_mapview.jpg,21-01-05_11_34_41_direction.jpg,,0
286,21-01-05_11_34_41_frontview.jpg,21-01-05_11_34_41_mapview.jpg,21-01-05_11_34_41_direction.jpg,,0
287,21-01-05_11_34_41_frontview.jpg,21-01-05_11_34_41_mapview.jpg,21-01-05_11_34_41_direction.jpg,,0
288,21-01-05_11_34_41_frontview.jpg,21-01-05_11_34_41_mapview.jpg,21-01-05_11_34_41_direction.jpg,,0
289,21-01-05_11_34_42_frontview.jpg,21-01-05_11_34_42_mapview.jpg,21-01-05_11_34_42_direction.jpg,,0
290,21-01-05_11_34_42_frontview.jpg,21-01-05_11_34_42_mapview.jpg,21-01-05_11_34_42_direction.jpg,,0
291,21-01-05_11_34_42_frontview.jpg,21-01-05_11_34_42_mapview.jpg,21-01-05_11_34_42_direction.jpg,,0
292,21-01-05_11_34_42_frontview.jpg,21-01-05_11_34_42_mapview.jpg,21-01-05_11_34_42_direction.jpg,,0
293,21-01-05_11_34_42_frontview.jpg,21-01-05_11_34_42_mapview.jpg,21-01-05_11_34_42_direction.jpg,,0
294,21-01-05_11_34_42_frontview.jpg,21-01-05_11_34_42_mapview.jpg,21-01-05_11_34_42_direction.jpg,,0
295,21-01-05_11_34_42_frontview.jpg,21-01-05_11_34_42_mapview.jpg,21-01-05_11_34_42_direction.jpg,,0
296,21-01-05_11_34_42_frontview.jpg,21-01-05_11_34_42_mapview.jpg,21-01-05_11_34_42_direction.jpg,,0
297,21-01-05_11_34_42_frontview.jpg,21-01-05_11_34_42_mapview.jpg,21-01-05_11_34_42_direction.jpg,,0
298,21-01-05_11_34_43_frontview.jpg,21-01-05_11_34_43_mapview.jpg,21-01-05_11_34_43_direction.jpg,,0
299,21-01-05_11_34_43_frontview.jpg,21-01-05_11_34_43_mapview.jpg,21-01-05_11_34_43_direction.jpg,,0
300,21-01-05_11_34_43_frontview.jpg,21-01-05_11_34_43_mapview.jpg,21-01-05_11_34_43_direction.jpg,,0
301,21-01-05_11_34_43_frontview.jpg,21-01-05_11_34_43_mapview.jpg,21-01-05_11_34_43_direction.jpg,,0
302,21-01-05_11_34_43_frontview.jpg,21-01-05_11_34_43_mapview.jpg,21-01-05_11_34_43_direction.jpg,,0
303,21-01-05_11_34_43_frontview.jpg,21-01-05_11_34_43_mapview.jpg,21-01-05_11_34_43_direction.jpg,,0
304,21-01-05_11_34_43_frontview.jpg,21-01-05_11_34_43_mapview.jpg,21-01-05_11_34_43_direction.jpg,,0
305,21-01-05_11_34_43_frontview.jpg,21-01-05_11_34_43_mapview.jpg,21-01-05_11_34_43_direction.jpg,,0
306,21-01-05_11_34_43_frontview.jpg,21-01-05_11_34_43_mapview.jpg,21-01-05_11_34_43_direction.jpg,,0
